Pathways,ListReactions,SetSize,P-value,P-value_adj,Reject
BOIMMG (PG),19,117,0.002620538832878314,0.03328084317755459,True
"Valine, leucine and isoleucine biosynthesis",8,30,0.002051273027861312,0.028945741615376292,True
Pyrimidine metabolism,19,105,0.0007662423248129495,0.012164096906405573,True
Propanoate metabolism,12,23,5.5190209123609745e-08,1.7522891396746095e-06,True
beta-Alanine metabolism,13,22,1.9582904794155927e-09,8.290096362859343e-08,True
"Valine, leucine and isoleucine degradation",18,38,1.9396479088354223e-10,1.231676422110493e-08,True
BOIMMG (PC),47,203,1.1114612318598845e-10,1.231676422110493e-08,True
