Pathways,ListReactions,SetSize,P-value,P-value_adj,Reject
Purine metabolism,14,108,0.001454968331450134,0.029307219247781267,True
BOIMMG (DAG),28,250,0.00021237322844362022,0.008635520063965452,True
Glycosylphosphatidylinositol (GPI)-anchor biosynthesis,4,7,0.0002449792925947646,0.008635520063965452,True
BOIMMG (PA),23,172,4.552352249405211e-05,0.003209408335830674,True
